file_name,std_err
1.txt,0.012307383496972552
2.txt,0.012439454175358106
3.txt,0.017340396553030983
4.txt,0.03397848738388311
5.txt,0.0011608994436134638
6.txt,0.007174824069710208
7.txt,0.029300200926135056
8.txt,0.0008164371935572382
9.txt,0.010191329124459893
10.txt,0.0011555738237990741
11.txt,0.027177558133869222
12.txt,0.029224576835873435
13.txt,0.009876633045351125
